{"Year": 2024, "S&P 500 (includes dividends)": 0.24878611262526726, "US Small cap (bottom decile)": 0.0862, "3-month T.Bill": 0.049699999999999994, "US T. Bond (10-year)": -0.016371801436629807, "Baa Corporate Bond": 0.01736355603778511, "Real Estate": 0.04244100057874434, "Gold*": 0.25957034171004567, "S&P 500 (includes dividends)3": 982817.816681076, "US Small cap (bottom decile) Cum Value": 4586545.554951658, "3-month T.Bill4": 2360.816905035829, "US T. Bond5": 7159.449348646148, "Baa Corporate Bond2": 50385.14777308099, "Real Estate2": 5553.697703477917, "Gold2": 12649.46705426356, "Stocks - Bills": 0.19908611262526726, "Stocks - Bonds": 0.26515791406189704, "Small Cap Premium (S&P 500 minus Bottom Decile)": -0.16258611262526726, "Stocks - Baa Corp Bond": 0.23142255658748215, "Historical ERP": 0.05439470656534162, "Inflation Rate": 0.0275, "S&P 500 (includes dividends)2": 0.21536361326060072, "US Small cap (bottom decile)22": 0.05712895377128957, "3-month T. Bill (Real)": 0.021605839416058314, "!0-year T.Bonds": -0.04269761696995611, "Baa Corp Bonds": -0.00986515227466167, "Real Estate3": 0.014541119784665879, "Gold": 0.2258592133431101, "S&P 500 (includes dividends)3.1": 53945.922363689024, "US Small cap (bottom decile)22.1": 251751.0633460919, "3-month T.Bill4.1": 129.58296371144692, "US T. Bond5.1": 392.97527189025124, "Baa Corporate Bond2.1": 2765.5921819044897, "Real Estate2.1": 304.83711228897874, "Gold2.1": 694.3170504943931, "Stocks minus T. Bills": 0.1937577738445424, "Stocks minus T.Bonds": 0.2580612302305568, "S&P 500 (includes dividends)_lag1": 0.26060684985024096, "S&P 500 (includes dividends)_lag2": -0.18037505927178585, "S&P 500 (includes dividends)_lag3": 0.2846885175196416, "US Small cap (bottom decile)_lag1": 0.051699999999999996, "US Small cap (bottom decile)_lag2": -0.23379999999999998, "US Small cap (bottom decile)_lag3": 0.2169, "3-month T.Bill_lag1": 0.05070361445783132, "3-month T.Bill_lag2": 0.02024779116465863, "3-month T.Bill_lag3": 0.000450199203187251, "US T. Bond (10-year)_lag1": 0.0388, "US T. Bond (10-year)_lag2": -0.1782817153825067, "US T. Bond (10-year)_lag3": -0.04416034448604475, "Baa Corporate Bond_lag1": 0.08735672201365843, "Baa Corporate Bond_lag2": -0.15144078553554258, "Baa Corporate Bond_lag3": 0.009334445719875278, "Real Estate_lag1": 0.05678404936325232, "Real Estate_lag2": 0.0565184302350592, "Real Estate_lag3": 0.1886462360360821, "Gold*_lag1": 0.13262116824217252, "Gold*_lag2": 0.005494203615185933, "Gold*_lag3": -0.037544286394162185, "Inflation Rate_lag1": 0.0335212, "Inflation Rate_lag2": 0.06454399999999999, "Inflation Rate_lag3": 0.07036400000000001, "Historical ERP_lag1": 0.052277478113130105, "Historical ERP_lag2": 0.05060942016976089, "Historical ERP_lag3": 0.051322006296357525, "S&P 500 (includes dividends)_roll_mean": 0.10967263440124082, "S&P 500 (includes dividends)_roll_std": 0.2512581957089498, "S&P 500 (includes dividends)_momentum": 0.44098190912202684, "US Small cap (bottom decile)_roll_mean": -0.031966666666666664, "US Small cap (bottom decile)_roll_std": 0.1756419179277351, "US Small cap (bottom decile)_momentum": 0.2855, "3-month T.Bill_roll_mean": 0.040217135207496646, "3-month T.Bill_roll_std": 0.0173012380083309, "3-month T.Bill_momentum": 0.03045582329317269, "US T. Bond (10-year)_roll_mean": -0.051951172273045514, "US T. Bond (10-year)_roll_std": 0.11282967920804028, "US T. Bond (10-year)_momentum": 0.2170817153825067, "Baa Corporate Bond_roll_mean": -0.015573502494699673, "Baa Corporate Bond_roll_std": 0.12275870548155417, "Baa Corporate Bond_momentum": 0.238797507549201, "Real Estate_roll_mean": 0.051914493392351956, "Real Estate_roll_std": 0.00820536031795179, "Real Estate_momentum": 0.0002656191281931175, "Gold*_roll_mean": 0.13256190452246805, "Gold*_roll_std": 0.1270380794149564, "Gold*_momentum": 0.12712696462698658, "Inflation_ERP_interaction": 0.0014958544305468946}